id,product,month,forecast_price,source
oil_1990-01,oil,1990-01,22.863,EIA STEO
oil_1990-02,oil,1990-02,22.113,EIA STEO
oil_1990-03,oil,1990-03,20.388,EIA STEO
oil_1990-04,oil,1990-04,18.426,EIA STEO
oil_1990-05,oil,1990-05,18.2,EIA STEO
oil_1990-06,oil,1990-06,16.695,EIA STEO
oil_1990-07,oil,1990-07,18.454,EIA STEO
oil_1990-08,oil,1990-08,27.307,EIA STEO
oil_1990-09,oil,1990-09,33.508,EIA STEO
oil_1990-10,oil,1990-10,36.04,EIA STEO
oil_1990-11,oil,1990-11,32.332,EIA STEO
oil_1990-12,oil,1990-12,27.281,EIA STEO
oil_1991-01,oil,1991-01,25.234,EIA STEO
oil_1991-02,oil,1991-02,20.478,EIA STEO
oil_1991-03,oil,1991-03,19.902,EIA STEO
oil_1991-04,oil,1991-04,20.83,EIA STEO
oil_1991-05,oil,1991-05,21.232,EIA STEO
oil_1991-06,oil,1991-06,20.189,EIA STEO
oil_1991-07,oil,1991-07,21.403,EIA STEO
oil_1991-08,oil,1991-08,21.694,EIA STEO
oil_1991-09,oil,1991-09,21.887,EIA STEO
oil_1991-10,oil,1991-10,23.231,EIA STEO
oil_1991-11,oil,1991-11,22.461,EIA STEO
oil_1991-12,oil,1991-12,19.498,EIA STEO
oil_1992-01,oil,1992-01,18.785,EIA STEO
oil_1992-02,oil,1992-02,19.013,EIA STEO
oil_1992-03,oil,1992-03,18.922,EIA STEO
oil_1992-04,oil,1992-04,20.23,EIA STEO
oil_1992-05,oil,1992-05,20.976,EIA STEO
oil_1992-06,oil,1992-06,22.385,EIA STEO
oil_1992-07,oil,1992-07,21.775,EIA STEO
oil_1992-08,oil,1992-08,21.339,EIA STEO
oil_1992-09,oil,1992-09,21.881,EIA STEO
oil_1992-10,oil,1992-10,21.686,EIA STEO
oil_1992-11,oil,1992-11,20.339,EIA STEO
oil_1992-12,oil,1992-12,19.414,EIA STEO
oil_1993-01,oil,1993-01,19.032,EIA STEO
oil_1993-02,oil,1993-02,20.086,EIA STEO
oil_1993-03,oil,1993-03,20.322,EIA STEO
oil_1993-04,oil,1993-04,20.253,EIA STEO
oil_1993-05,oil,1993-05,19.95,EIA STEO
oil_1993-06,oil,1993-06,19.094,EIA STEO
oil_1993-07,oil,1993-07,17.89,EIA STEO
oil_1993-08,oil,1993-08,18.01,EIA STEO
oil_1993-09,oil,1993-09,17.504,EIA STEO
oil_1993-10,oil,1993-10,18.153,EIA STEO
oil_1993-11,oil,1993-11,16.609,EIA STEO
oil_1993-12,oil,1993-12,14.515,EIA STEO
oil_1994-01,oil,1994-01,15.027,EIA STEO
oil_1994-02,oil,1994-02,14.781,EIA STEO
oil_1994-03,oil,1994-03,14.681,EIA STEO
oil_1994-04,oil,1994-04,16.42,EIA STEO
oil_1994-05,oil,1994-05,17.889,EIA STEO
oil_1994-06,oil,1994-06,19.06,EIA STEO
oil_1994-07,oil,1994-07,19.655,EIA STEO
oil_1994-08,oil,1994-08,18.383,EIA STEO
oil_1994-09,oil,1994-09,17.446,EIA STEO
oil_1994-10,oil,1994-10,17.716,EIA STEO
oil_1994-11,oil,1994-11,18.07,EIA STEO
oil_1994-12,oil,1994-12,17.16,EIA STEO
oil_1995-01,oil,1995-01,18.04,EIA STEO
oil_1995-02,oil,1995-02,18.57,EIA STEO
oil_1995-03,oil,1995-03,18.539,EIA STEO
oil_1995-04,oil,1995-04,19.896,EIA STEO
oil_1995-05,oil,1995-05,19.742,EIA STEO
oil_1995-06,oil,1995-06,18.446,EIA STEO
oil_1995-07,oil,1995-07,17.326,EIA STEO
oil_1995-08,oil,1995-08,18.021,EIA STEO
oil_1995-09,oil,1995-09,18.226,EIA STEO
oil_1995-10,oil,1995-10,17.433,EIA STEO
oil_1995-11,oil,1995-11,17.993,EIA STEO
oil_1995-12,oil,1995-12,19.027,EIA STEO
oil_1996-01,oil,1996-01,18.855,EIA STEO
oil_1996-02,oil,1996-02,19.094,EIA STEO
oil_1996-03,oil,1996-03,21.332,EIA STEO
oil_1996-04,oil,1996-04,23.497,EIA STEO
oil_1996-05,oil,1996-05,21.165,EIA STEO
oil_1996-06,oil,1996-06,20.424,EIA STEO
oil_1996-07,oil,1996-07,21.302,EIA STEO
oil_1996-08,oil,1996-08,21.903,EIA STEO
oil_1996-09,oil,1996-09,23.972,EIA STEO
oil_1996-10,oil,1996-10,24.879,EIA STEO
oil_1996-11,oil,1996-11,23.705,EIA STEO
oil_1996-12,oil,1996-12,25.229,EIA STEO
oil_1997-01,oil,1997-01,25.132,EIA STEO
oil_1997-02,oil,1997-02,22.176,EIA STEO
oil_1997-03,oil,1997-03,20.965,EIA STEO
oil_1997-04,oil,1997-04,19.695,EIA STEO
oil_1997-05,oil,1997-05,20.819,EIA STEO
oil_1997-06,oil,1997-06,19.26,EIA STEO
oil_1997-07,oil,1997-07,19.664,EIA STEO
oil_1997-08,oil,1997-08,19.953,EIA STEO
oil_1997-09,oil,1997-09,19.803,EIA STEO
oil_1997-10,oil,1997-10,21.325,EIA STEO
oil_1997-11,oil,1997-11,20.194,EIA STEO
oil_1997-12,oil,1997-12,18.333,EIA STEO
oil_1998-01,oil,1998-01,16.724,EIA STEO
oil_1998-02,oil,1998-02,16.06,EIA STEO
oil_1998-03,oil,1998-03,15.115,EIA STEO
oil_1998-04,oil,1998-04,15.354,EIA STEO
oil_1998-05,oil,1998-05,14.914,EIA STEO
oil_1998-06,oil,1998-06,13.722,EIA STEO
oil_1998-07,oil,1998-07,14.173,EIA STEO
oil_1998-08,oil,1998-08,13.472,EIA STEO
oil_1998-09,oil,1998-09,15.031,EIA STEO
oil_1998-10,oil,1998-10,14.461,EIA STEO
oil_1998-11,oil,1998-11,13.002,EIA STEO
oil_1998-12,oil,1998-12,11.347,EIA STEO
oil_1999-01,oil,1999-01,12.515,EIA STEO
oil_1999-02,oil,1999-02,12.014,EIA STEO
oil_1999-03,oil,1999-03,14.677,EIA STEO
oil_1999-04,oil,1999-04,17.312,EIA STEO
oil_1999-05,oil,1999-05,17.719,EIA STEO
oil_1999-06,oil,1999-06,17.923,EIA STEO
oil_1999-07,oil,1999-07,20.103,EIA STEO
oil_1999-08,oil,1999-08,21.279,EIA STEO
oil_1999-09,oil,1999-09,23.797,EIA STEO
oil_1999-10,oil,1999-10,22.691,EIA STEO
oil_1999-11,oil,1999-11,25.002,EIA STEO
oil_1999-12,oil,1999-12,26.102,EIA STEO
oil_2000-01,oil,2000-01,27.259,EIA STEO
oil_2000-02,oil,2000-02,29.366,EIA STEO
oil_2000-03,oil,2000-03,29.842,EIA STEO
oil_2000-04,oil,2000-04,25.722,EIA STEO
oil_2000-05,oil,2000-05,28.788,EIA STEO
oil_2000-06,oil,2000-06,31.822,EIA STEO
oil_2000-07,oil,2000-07,29.697,EIA STEO
oil_2000-08,oil,2000-08,31.264,EIA STEO
oil_2000-09,oil,2000-09,33.884,EIA STEO
oil_2000-10,oil,2000-10,33.109,EIA STEO
oil_2000-11,oil,2000-11,34.417,EIA STEO
oil_2000-12,oil,2000-12,28.437,EIA STEO
oil_2001-01,oil,2001-01,29.586,EIA STEO
oil_2001-02,oil,2001-02,29.609,EIA STEO
oil_2001-03,oil,2001-03,27.245,EIA STEO
oil_2001-04,oil,2001-04,27.49,EIA STEO
oil_2001-05,oil,2001-05,28.629,EIA STEO
oil_2001-06,oil,2001-06,27.599,EIA STEO
oil_2001-07,oil,2001-07,26.425,EIA STEO
oil_2001-08,oil,2001-08,27.374,EIA STEO
oil_2001-09,oil,2001-09,26.199,EIA STEO
oil_2001-10,oil,2001-10,22.17,EIA STEO
oil_2001-11,oil,2001-11,19.635,EIA STEO
oil_2001-12,oil,2001-12,19.389,EIA STEO
oil_2002-01,oil,2002-01,19.715,EIA STEO
oil_2002-02,oil,2002-02,20.724,EIA STEO
oil_2002-03,oil,2002-03,24.531,EIA STEO
oil_2002-04,oil,2002-04,26.179,EIA STEO
oil_2002-05,oil,2002-05,27.041,EIA STEO
oil_2002-06,oil,2002-06,25.519,EIA STEO
oil_2002-07,oil,2002-07,26.966,EIA STEO
oil_2002-08,oil,2002-08,28.385,EIA STEO
oil_2002-09,oil,2002-09,29.664,EIA STEO
oil_2002-10,oil,2002-10,28.837,EIA STEO
oil_2002-11,oil,2002-11,26.352,EIA STEO
oil_2002-12,oil,2002-12,29.461,EIA STEO
oil_2003-01,oil,2003-01,32.947,EIA STEO
oil_2003-02,oil,2003-02,35.828,EIA STEO
oil_2003-03,oil,2003-03,33.513,EIA STEO
oil_2003-04,oil,2003-04,28.17,EIA STEO
oil_2003-05,oil,2003-05,28.109,EIA STEO
oil_2003-06,oil,2003-06,30.662,EIA STEO
oil_2003-07,oil,2003-07,30.755,EIA STEO
oil_2003-08,oil,2003-08,31.574,EIA STEO
oil_2003-09,oil,2003-09,28.311,EIA STEO
oil_2003-10,oil,2003-10,30.338,EIA STEO
oil_2003-11,oil,2003-11,31.108,EIA STEO
oil_2003-12,oil,2003-12,32.129,EIA STEO
oil_2004-01,oil,2004-01,34.31,EIA STEO
oil_2004-02,oil,2004-02,34.685,EIA STEO
oil_2004-03,oil,2004-03,36.741,EIA STEO
oil_2004-04,oil,2004-04,36.75,EIA STEO
oil_2004-05,oil,2004-05,40.275,EIA STEO
oil_2004-06,oil,2004-06,38.025,EIA STEO
oil_2004-07,oil,2004-07,40.778,EIA STEO
oil_2004-08,oil,2004-08,44.903,EIA STEO
oil_2004-09,oil,2004-09,45.936,EIA STEO
oil_2004-10,oil,2004-10,53.28,EIA STEO
oil_2004-11,oil,2004-11,48.469,EIA STEO
oil_2004-12,oil,2004-12,43.15,EIA STEO
oil_2005-01,oil,2005-01,46.837,EIA STEO
oil_2005-02,oil,2005-02,48.149,EIA STEO
oil_2005-03,oil,2005-03,54.187,EIA STEO
oil_2005-04,oil,2005-04,52.979,EIA STEO
oil_2005-05,oil,2005-05,49.834,EIA STEO
oil_2005-06,oil,2005-06,56.352,EIA STEO
oil_2005-07,oil,2005-07,58.996,EIA STEO
oil_2005-08,oil,2005-08,64.985,EIA STEO
oil_2005-09,oil,2005-09,65.587,EIA STEO
oil_2005-10,oil,2005-10,62.26,EIA STEO
oil_2005-11,oil,2005-11,58.323,EIA STEO
oil_2005-12,oil,2005-12,59.412,EIA STEO
oil_2006-01,oil,2006-01,65.485,EIA STEO
oil_2006-02,oil,2006-02,61.631,EIA STEO
oil_2006-03,oil,2006-03,62.685,EIA STEO
oil_2006-04,oil,2006-04,69.444,EIA STEO
oil_2006-05,oil,2006-05,70.844,EIA STEO
oil_2006-06,oil,2006-06,70.951,EIA STEO
oil_2006-07,oil,2006-07,74.411,EIA STEO
oil_2006-08,oil,2006-08,73.043,EIA STEO
oil_2006-09,oil,2006-09,63.798,EIA STEO
oil_2006-10,oil,2006-10,58.893,EIA STEO
oil_2006-11,oil,2006-11,59.083,EIA STEO
oil_2006-12,oil,2006-12,61.959,EIA STEO
oil_2007-01,oil,2007-01,54.506,EIA STEO
oil_2007-02,oil,2007-02,59.279,EIA STEO
oil_2007-03,oil,2007-03,60.442,EIA STEO
oil_2007-04,oil,2007-04,63.977,EIA STEO
oil_2007-05,oil,2007-05,63.455,EIA STEO
oil_2007-06,oil,2007-06,67.489,EIA STEO
oil_2007-07,oil,2007-07,74.118,EIA STEO
oil_2007-08,oil,2007-08,72.356,EIA STEO
oil_2007-09,oil,2007-09,79.915,EIA STEO
oil_2007-10,oil,2007-10,85.799,EIA STEO
oil_2007-11,oil,2007-11,94.772,EIA STEO
oil_2007-12,oil,2007-12,91.687,EIA STEO
oil_2008-01,oil,2008-01,92.97,EIA STEO
oil_2008-02,oil,2008-02,95.386,EIA STEO
oil_2008-03,oil,2008-03,105.454,EIA STEO
oil_2008-04,oil,2008-04,112.58,EIA STEO
oil_2008-05,oil,2008-05,125.398,EIA STEO
oil_2008-06,oil,2008-06,133.88,EIA STEO
oil_2008-07,oil,2008-07,133.371,EIA STEO
oil_2008-08,oil,2008-08,116.666,EIA STEO
oil_2008-09,oil,2008-09,104.114,EIA STEO
oil_2008-10,oil,2008-10,76.609,EIA STEO
oil_2008-11,oil,2008-11,57.309,EIA STEO
oil_2008-12,oil,2008-12,41.122,EIA STEO
oil_2009-01,oil,2009-01,41.71,EIA STEO
oil_2009-02,oil,2009-02,39.087,EIA STEO
oil_2009-03,oil,2009-03,47.939,EIA STEO
oil_2009-04,oil,2009-04,49.647,EIA STEO
oil_2009-05,oil,2009-05,59.029,EIA STEO
oil_2009-06,oil,2009-06,69.641,EIA STEO
oil_2009-07,oil,2009-07,64.152,EIA STEO
oil_2009-08,oil,2009-08,71.045,EIA STEO
oil_2009-09,oil,2009-09,69.408,EIA STEO
oil_2009-10,oil,2009-10,75.715,EIA STEO
oil_2009-11,oil,2009-11,77.99,EIA STEO
oil_2009-12,oil,2009-12,74.47,EIA STEO
oil_2010-01,oil,2010-01,78.326,EIA STEO
oil_2010-02,oil,2010-02,76.387,EIA STEO
oil_2010-03,oil,2010-03,81.203,EIA STEO
oil_2010-04,oil,2010-04,84.293,EIA STEO
oil_2010-05,oil,2010-05,73.744,EIA STEO
oil_2010-06,oil,2010-06,75.336,EIA STEO
oil_2010-07,oil,2010-07,76.32,EIA STEO
oil_2010-08,oil,2010-08,76.599,EIA STEO
oil_2010-09,oil,2010-09,75.242,EIA STEO
oil_2010-10,oil,2010-10,81.893,EIA STEO
oil_2010-11,oil,2010-11,84.253,EIA STEO
oil_2010-12,oil,2010-12,89.146,EIA STEO
oil_2011-01,oil,2011-01,89.171,EIA STEO
oil_2011-02,oil,2011-02,88.578,EIA STEO
oil_2011-03,oil,2011-03,102.857,EIA STEO
oil_2011-04,oil,2011-04,109.533,EIA STEO
oil_2011-05,oil,2011-05,100.9,EIA STEO
oil_2011-06,oil,2011-06,96.264,EIA STEO
oil_2011-07,oil,2011-07,97.304,EIA STEO
oil_2011-08,oil,2011-08,86.333,EIA STEO
oil_2011-09,oil,2011-09,85.515,EIA STEO
oil_2011-10,oil,2011-10,86.322,EIA STEO
oil_2011-11,oil,2011-11,97.16,EIA STEO
oil_2011-12,oil,2011-12,98.563,EIA STEO
oil_2012-01,oil,2012-01,100.274,EIA STEO
oil_2012-02,oil,2012-02,102.204,EIA STEO
oil_2012-03,oil,2012-03,106.158,EIA STEO
oil_2012-04,oil,2012-04,103.321,EIA STEO
oil_2012-05,oil,2012-05,94.655,EIA STEO
oil_2012-06,oil,2012-06,82.303,EIA STEO
oil_2012-07,oil,2012-07,87.895,EIA STEO
oil_2012-08,oil,2012-08,94.131,EIA STEO
oil_2012-09,oil,2012-09,94.514,EIA STEO
oil_2012-10,oil,2012-10,89.491,EIA STEO
oil_2012-11,oil,2012-11,86.531,EIA STEO
oil_2012-12,oil,2012-12,87.86,EIA STEO
oil_2013-01,oil,2013-01,94.757,EIA STEO
oil_2013-02,oil,2013-02,95.309,EIA STEO
oil_2013-03,oil,2013-03,92.939,EIA STEO
oil_2013-04,oil,2013-04,92.021,EIA STEO
oil_2013-05,oil,2013-05,94.51,EIA STEO
oil_2013-06,oil,2013-06,95.773,EIA STEO
oil_2013-07,oil,2013-07,104.671,EIA STEO
oil_2013-08,oil,2013-08,106.573,EIA STEO
oil_2013-09,oil,2013-09,106.29,EIA STEO
oil_2013-10,oil,2013-10,100.538,EIA STEO
oil_2013-11,oil,2013-11,93.864,EIA STEO
oil_2013-12,oil,2013-12,97.625,EIA STEO
oil_2014-01,oil,2014-01,94.617,EIA STEO
oil_2014-02,oil,2014-02,100.817,EIA STEO
oil_2014-03,oil,2014-03,100.804,EIA STEO
oil_2014-04,oil,2014-04,102.069,EIA STEO
oil_2014-05,oil,2014-05,102.177,EIA STEO
oil_2014-06,oil,2014-06,105.794,EIA STEO
oil_2014-07,oil,2014-07,103.588,EIA STEO
oil_2014-08,oil,2014-08,96.535,EIA STEO
oil_2014-09,oil,2014-09,93.212,EIA STEO
oil_2014-10,oil,2014-10,84.397,EIA STEO
oil_2014-11,oil,2014-11,75.789,EIA STEO
oil_2014-12,oil,2014-12,59.29,EIA STEO
oil_2015-01,oil,2015-01,47.217,EIA STEO
oil_2015-02,oil,2015-02,50.584,EIA STEO
oil_2015-03,oil,2015-03,47.823,EIA STEO
oil_2015-04,oil,2015-04,54.453,EIA STEO
oil_2015-05,oil,2015-05,59.265,EIA STEO
oil_2015-06,oil,2015-06,59.819,EIA STEO
oil_2015-07,oil,2015-07,50.901,EIA STEO
oil_2015-08,oil,2015-08,42.867,EIA STEO
oil_2015-09,oil,2015-09,45.479,EIA STEO
oil_2015-10,oil,2015-10,46.223,EIA STEO
oil_2015-11,oil,2015-11,42.443,EIA STEO
oil_2015-12,oil,2015-12,37.189,EIA STEO
oil_2016-01,oil,2016-01,31.683,EIA STEO
oil_2016-02,oil,2016-02,30.323,EIA STEO
oil_2016-03,oil,2016-03,37.545,EIA STEO
oil_2016-04,oil,2016-04,40.754,EIA STEO
oil_2016-05,oil,2016-05,46.712,EIA STEO
oil_2016-06,oil,2016-06,48.757,EIA STEO
oil_2016-07,oil,2016-07,44.651,EIA STEO
oil_2016-08,oil,2016-08,44.724,EIA STEO
oil_2016-09,oil,2016-09,45.182,EIA STEO
oil_2016-10,oil,2016-10,49.775,EIA STEO
oil_2016-11,oil,2016-11,45.661,EIA STEO
oil_2016-12,oil,2016-12,51.972,EIA STEO
oil_2017-01,oil,2017-01,52.504,EIA STEO
oil_2017-02,oil,2017-02,53.468,EIA STEO
oil_2017-03,oil,2017-03,49.328,EIA STEO
oil_2017-04,oil,2017-04,51.06,EIA STEO
oil_2017-05,oil,2017-05,48.476,EIA STEO
oil_2017-06,oil,2017-06,45.178,EIA STEO
oil_2017-07,oil,2017-07,46.63,EIA STEO
oil_2017-08,oil,2017-08,48.037,EIA STEO
oil_2017-09,oil,2017-09,49.822,EIA STEO
oil_2017-10,oil,2017-10,51.578,EIA STEO
oil_2017-11,oil,2017-11,56.639,EIA STEO
oil_2017-12,oil,2017-12,57.881,EIA STEO
oil_2018-01,oil,2018-01,63.698,EIA STEO
oil_2018-02,oil,2018-02,62.229,EIA STEO
oil_2018-03,oil,2018-03,62.725,EIA STEO
oil_2018-04,oil,2018-04,66.254,EIA STEO
oil_2018-05,oil,2018-05,69.978,EIA STEO
oil_2018-06,oil,2018-06,67.873,EIA STEO
oil_2018-07,oil,2018-07,70.981,EIA STEO
oil_2018-08,oil,2018-08,68.055,EIA STEO
oil_2018-09,oil,2018-09,70.231,EIA STEO
oil_2018-10,oil,2018-10,70.749,EIA STEO
oil_2018-11,oil,2018-11,56.963,EIA STEO
oil_2018-12,oil,2018-12,49.523,EIA STEO
oil_2019-01,oil,2019-01,51.376,EIA STEO
oil_2019-02,oil,2019-02,54.954,EIA STEO
oil_2019-03,oil,2019-03,58.151,EIA STEO
oil_2019-04,oil,2019-04,63.862,EIA STEO
oil_2019-05,oil,2019-05,60.827,EIA STEO
oil_2019-06,oil,2019-06,54.657,EIA STEO
oil_2019-07,oil,2019-07,57.354,EIA STEO
oil_2019-08,oil,2019-08,54.805,EIA STEO
oil_2019-09,oil,2019-09,56.947,EIA STEO
oil_2019-10,oil,2019-10,53.963,EIA STEO
oil_2019-11,oil,2019-11,57.027,EIA STEO
oil_2019-12,oil,2019-12,59.877,EIA STEO
oil_2020-01,oil,2020-01,57.52,EIA STEO
oil_2020-02,oil,2020-02,50.54,EIA STEO
oil_2020-03,oil,2020-03,29.21,EIA STEO
oil_2020-04,oil,2020-04,16.55,EIA STEO
oil_2020-05,oil,2020-05,28.56,EIA STEO
oil_2020-06,oil,2020-06,38.31,EIA STEO
oil_2020-07,oil,2020-07,40.71,EIA STEO
oil_2020-08,oil,2020-08,42.34,EIA STEO
oil_2020-09,oil,2020-09,39.63,EIA STEO
oil_2020-10,oil,2020-10,39.4,EIA STEO
oil_2020-11,oil,2020-11,40.94,EIA STEO
oil_2020-12,oil,2020-12,47.02,EIA STEO
oil_2021-01,oil,2021-01,52.0,EIA STEO
oil_2021-02,oil,2021-02,59.04,EIA STEO
oil_2021-03,oil,2021-03,62.33,EIA STEO
oil_2021-04,oil,2021-04,61.72,EIA STEO
oil_2021-05,oil,2021-05,65.17,EIA STEO
oil_2021-06,oil,2021-06,71.38,EIA STEO
oil_2021-07,oil,2021-07,72.49,EIA STEO
oil_2021-08,oil,2021-08,67.73,EIA STEO
oil_2021-09,oil,2021-09,71.65,EIA STEO
oil_2021-10,oil,2021-10,81.48,EIA STEO
oil_2021-11,oil,2021-11,79.15,EIA STEO
oil_2021-12,oil,2021-12,71.71,EIA STEO
oil_2022-01,oil,2022-01,83.22,EIA STEO
oil_2022-02,oil,2022-02,91.64,EIA STEO
oil_2022-03,oil,2022-03,108.5,EIA STEO
oil_2022-04,oil,2022-04,101.78,EIA STEO
oil_2022-05,oil,2022-05,109.55,EIA STEO
oil_2022-06,oil,2022-06,114.84,EIA STEO
oil_2022-07,oil,2022-07,101.62,EIA STEO
oil_2022-08,oil,2022-08,93.67,EIA STEO
oil_2022-09,oil,2022-09,84.26,EIA STEO
oil_2022-10,oil,2022-10,87.55,EIA STEO
oil_2022-11,oil,2022-11,84.37,EIA STEO
oil_2022-12,oil,2022-12,76.44,EIA STEO
oil_2023-01,oil,2023-01,78.12,EIA STEO
oil_2023-02,oil,2023-02,76.83,EIA STEO
oil_2023-03,oil,2023-03,73.28,EIA STEO
oil_2023-04,oil,2023-04,79.45,EIA STEO
oil_2023-05,oil,2023-05,71.58,EIA STEO
oil_2023-06,oil,2023-06,70.25,EIA STEO
oil_2023-07,oil,2023-07,76.07,EIA STEO
oil_2023-08,oil,2023-08,81.39,EIA STEO
oil_2023-09,oil,2023-09,89.43,EIA STEO
oil_2023-10,oil,2023-10,85.64,EIA STEO
oil_2023-11,oil,2023-11,77.69,EIA STEO
oil_2023-12,oil,2023-12,71.9,EIA STEO
oil_2024-01,oil,2024-01,74.15,EIA STEO
oil_2024-02,oil,2024-02,77.25,EIA STEO
oil_2024-03,oil,2024-03,81.28,EIA STEO
oil_2024-04,oil,2024-04,85.35,EIA STEO
oil_2024-05,oil,2024-05,80.02,EIA STEO
oil_2024-06,oil,2024-06,79.77,EIA STEO
oil_2024-07,oil,2024-07,81.8,EIA STEO
oil_2024-08,oil,2024-08,76.68,EIA STEO
oil_2024-09,oil,2024-09,70.24,EIA STEO
oil_2024-10,oil,2024-10,71.99,EIA STEO
oil_2024-11,oil,2024-11,69.95,EIA STEO
oil_2024-12,oil,2024-12,70.12,EIA STEO
oil_2025-01,oil,2025-01,75.74,EIA STEO
oil_2025-02,oil,2025-02,71.53,EIA STEO
oil_2025-03,oil,2025-03,68.24,EIA STEO
oil_2025-04,oil,2025-04,63.54,EIA STEO
oil_2025-05,oil,2025-05,62.17,EIA STEO
oil_2025-06,oil,2025-06,68.17,EIA STEO
oil_2025-07,oil,2025-07,68.39,EIA STEO
oil_2025-08,oil,2025-08,64.86,EIA STEO
oil_2025-09,oil,2025-09,63.96,EIA STEO
oil_2025-10,oil,2025-10,60.89,EIA STEO
oil_2025-11,oil,2025-11,60.06,EIA STEO
oil_2025-12,oil,2025-12,57.97,EIA STEO
oil_2026-01,oil,2026-01,60.04,EIA STEO
oil_2026-02,oil,2026-02,64.51,EIA STEO
oil_2026-03,oil,2026-03,91.38,EIA STEO
oil_2026-04,oil,2026-04,100.32,EIA STEO
oil_2026-05,oil,2026-05,102.13,EIA STEO
oil_2026-06,oil,2026-06,84.81,EIA STEO
oil_2026-07,oil,2026-07,80.46,EIA STEO
oil_2026-08,oil,2026-08,83.9,EIA STEO
oil_2026-09,oil,2026-09,88.0,EIA STEO
oil_2026-10,oil,2026-10,87.0,EIA STEO
oil_2026-11,oil,2026-11,86.5,EIA STEO
oil_2026-12,oil,2026-12,84.5,EIA STEO
oil_2027-01,oil,2027-01,83.0,EIA STEO
oil_2027-02,oil,2027-02,81.0,EIA STEO
oil_2027-03,oil,2027-03,79.0,EIA STEO
oil_2027-04,oil,2027-04,76.0,EIA STEO
oil_2027-05,oil,2027-05,73.0,EIA STEO
oil_2027-06,oil,2027-06,70.0,EIA STEO
oil_2027-07,oil,2027-07,68.0,EIA STEO
oil_2027-08,oil,2027-08,66.0,EIA STEO
oil_2027-09,oil,2027-09,64.0,EIA STEO
oil_2027-10,oil,2027-10,62.0,EIA STEO
oil_2027-11,oil,2027-11,60.0,EIA STEO
oil_2027-12,oil,2027-12,58.0,EIA STEO
gas_1997-01,gas,1997-01,3.451,EIA STEO
gas_1997-02,gas,1997-02,2.151,EIA STEO
gas_1997-03,gas,1997-03,1.891,EIA STEO
gas_1997-04,gas,1997-04,2.033,EIA STEO
gas_1997-05,gas,1997-05,2.246,EIA STEO
gas_1997-06,gas,1997-06,2.203,EIA STEO
gas_1997-07,gas,1997-07,2.19,EIA STEO
gas_1997-08,gas,1997-08,2.491,EIA STEO
gas_1997-09,gas,1997-09,2.883,EIA STEO
gas_1997-10,gas,1997-10,3.074,EIA STEO
gas_1997-11,gas,1997-11,3.008,EIA STEO
gas_1997-12,gas,1997-12,2.348,EIA STEO
gas_1998-01,gas,1998-01,2.091,EIA STEO
gas_1998-02,gas,1998-02,2.229,EIA STEO
gas_1998-03,gas,1998-03,2.242,EIA STEO
gas_1998-04,gas,1998-04,2.428,EIA STEO
gas_1998-05,gas,1998-05,2.141,EIA STEO
gas_1998-06,gas,1998-06,2.167,EIA STEO
gas_1998-07,gas,1998-07,2.167,EIA STEO
gas_1998-08,gas,1998-08,1.851,EIA STEO
gas_1998-09,gas,1998-09,2.018,EIA STEO
gas_1998-10,gas,1998-10,1.912,EIA STEO
gas_1998-11,gas,1998-11,2.123,EIA STEO
gas_1998-12,gas,1998-12,1.722,EIA STEO
gas_1999-01,gas,1999-01,1.849,EIA STEO
gas_1999-02,gas,1999-02,1.771,EIA STEO
gas_1999-03,gas,1999-03,1.792,EIA STEO
gas_1999-04,gas,1999-04,2.15,EIA STEO
gas_1999-05,gas,1999-05,2.26,EIA STEO
gas_1999-06,gas,1999-06,2.304,EIA STEO
gas_1999-07,gas,1999-07,2.307,EIA STEO
gas_1999-08,gas,1999-08,2.795,EIA STEO
gas_1999-09,gas,1999-09,2.546,EIA STEO
gas_1999-10,gas,1999-10,2.728,EIA STEO
gas_1999-11,gas,1999-11,2.367,EIA STEO
gas_1999-12,gas,1999-12,2.355,EIA STEO
gas_2000-01,gas,2000-01,2.422,EIA STEO
gas_2000-02,gas,2000-02,2.66,EIA STEO
gas_2000-03,gas,2000-03,2.793,EIA STEO
gas_2000-04,gas,2000-04,3.04,EIA STEO
gas_2000-05,gas,2000-05,3.586,EIA STEO
gas_2000-06,gas,2000-06,4.289,EIA STEO
gas_2000-07,gas,2000-07,3.989,EIA STEO
gas_2000-08,gas,2000-08,4.429,EIA STEO
gas_2000-09,gas,2000-09,5.056,EIA STEO
gas_2000-10,gas,2000-10,5.022,EIA STEO
gas_2000-11,gas,2000-11,5.524,EIA STEO
gas_2000-12,gas,2000-12,8.898,EIA STEO
gas_2001-01,gas,2001-01,8.172,EIA STEO
gas_2001-02,gas,2001-02,5.606,EIA STEO
gas_2001-03,gas,2001-03,5.23,EIA STEO
gas_2001-04,gas,2001-04,5.192,EIA STEO
gas_2001-05,gas,2001-05,4.191,EIA STEO
gas_2001-06,gas,2001-06,3.72,EIA STEO
gas_2001-07,gas,2001-07,3.109,EIA STEO
gas_2001-08,gas,2001-08,2.968,EIA STEO
gas_2001-09,gas,2001-09,2.192,EIA STEO
gas_2001-10,gas,2001-10,2.461,EIA STEO
gas_2001-11,gas,2001-11,2.343,EIA STEO
gas_2001-12,gas,2001-12,2.302,EIA STEO
gas_2002-01,gas,2002-01,2.318,EIA STEO
gas_2002-02,gas,2002-02,2.324,EIA STEO
gas_2002-03,gas,2002-03,3.029,EIA STEO
gas_2002-04,gas,2002-04,3.427,EIA STEO
gas_2002-05,gas,2002-05,3.498,EIA STEO
gas_2002-06,gas,2002-06,3.262,EIA STEO
gas_2002-07,gas,2002-07,2.987,EIA STEO
gas_2002-08,gas,2002-08,3.088,EIA STEO
gas_2002-09,gas,2002-09,3.549,EIA STEO
gas_2002-10,gas,2002-10,4.127,EIA STEO
gas_2002-11,gas,2002-11,4.043,EIA STEO
gas_2002-12,gas,2002-12,4.741,EIA STEO
gas_2003-01,gas,2003-01,5.432,EIA STEO
gas_2003-02,gas,2003-02,7.708,EIA STEO
gas_2003-03,gas,2003-03,5.933,EIA STEO
gas_2003-04,gas,2003-04,5.263,EIA STEO
gas_2003-05,gas,2003-05,5.814,EIA STEO
gas_2003-06,gas,2003-06,5.819,EIA STEO
gas_2003-07,gas,2003-07,5.026,EIA STEO
gas_2003-08,gas,2003-08,4.985,EIA STEO
gas_2003-09,gas,2003-09,4.62,EIA STEO
gas_2003-10,gas,2003-10,4.627,EIA STEO
gas_2003-11,gas,2003-11,4.47,EIA STEO
gas_2003-12,gas,2003-12,6.128,EIA STEO
gas_2004-01,gas,2004-01,6.139,EIA STEO
gas_2004-02,gas,2004-02,5.369,EIA STEO
gas_2004-03,gas,2004-03,5.394,EIA STEO
gas_2004-04,gas,2004-04,5.709,EIA STEO
gas_2004-05,gas,2004-05,6.334,EIA STEO
gas_2004-06,gas,2004-06,6.27,EIA STEO
gas_2004-07,gas,2004-07,5.931,EIA STEO
gas_2004-08,gas,2004-08,5.406,EIA STEO
gas_2004-09,gas,2004-09,5.145,EIA STEO
gas_2004-10,gas,2004-10,6.353,EIA STEO
gas_2004-11,gas,2004-11,6.165,EIA STEO
gas_2004-12,gas,2004-12,6.577,EIA STEO
gas_2005-01,gas,2005-01,6.15,EIA STEO
gas_2005-02,gas,2005-02,6.138,EIA STEO
gas_2005-03,gas,2005-03,6.96,EIA STEO
gas_2005-04,gas,2005-04,7.159,EIA STEO
gas_2005-05,gas,2005-05,6.472,EIA STEO
gas_2005-06,gas,2005-06,7.183,EIA STEO
gas_2005-07,gas,2005-07,7.629,EIA STEO
gas_2005-08,gas,2005-08,9.533,EIA STEO
gas_2005-09,gas,2005-09,11.745,EIA STEO
gas_2005-10,gas,2005-10,13.422,EIA STEO
gas_2005-11,gas,2005-11,10.304,EIA STEO
gas_2005-12,gas,2005-12,13.049,EIA STEO
gas_2006-01,gas,2006-01,8.686,EIA STEO
gas_2006-02,gas,2006-02,7.536,EIA STEO
gas_2006-03,gas,2006-03,6.888,EIA STEO
gas_2006-04,gas,2006-04,7.164,EIA STEO
gas_2006-05,gas,2006-05,6.245,EIA STEO
gas_2006-06,gas,2006-06,6.21,EIA STEO
gas_2006-07,gas,2006-07,6.168,EIA STEO
gas_2006-08,gas,2006-08,7.135,EIA STEO
gas_2006-09,gas,2006-09,4.896,EIA STEO
gas_2006-10,gas,2006-10,5.847,EIA STEO
gas_2006-11,gas,2006-11,7.405,EIA STEO
gas_2006-12,gas,2006-12,6.734,EIA STEO
gas_2007-01,gas,2007-01,6.552,EIA STEO
gas_2007-02,gas,2007-02,8.002,EIA STEO
gas_2007-03,gas,2007-03,7.108,EIA STEO
gas_2007-04,gas,2007-04,7.601,EIA STEO
gas_2007-05,gas,2007-05,7.637,EIA STEO
gas_2007-06,gas,2007-06,7.346,EIA STEO
gas_2007-07,gas,2007-07,6.219,EIA STEO
gas_2007-08,gas,2007-08,6.218,EIA STEO
gas_2007-09,gas,2007-09,6.079,EIA STEO
gas_2007-10,gas,2007-10,6.743,EIA STEO
gas_2007-11,gas,2007-11,7.102,EIA STEO
gas_2007-12,gas,2007-12,7.105,EIA STEO
gas_2008-01,gas,2008-01,7.985,EIA STEO
gas_2008-02,gas,2008-02,8.544,EIA STEO
gas_2008-03,gas,2008-03,9.413,EIA STEO
gas_2008-04,gas,2008-04,10.181,EIA STEO
gas_2008-05,gas,2008-05,11.269,EIA STEO
gas_2008-06,gas,2008-06,12.685,EIA STEO
gas_2008-07,gas,2008-07,11.089,EIA STEO
gas_2008-08,gas,2008-08,8.257,EIA STEO
gas_2008-09,gas,2008-09,7.674,EIA STEO
gas_2008-10,gas,2008-10,6.737,EIA STEO
gas_2008-11,gas,2008-11,6.684,EIA STEO
gas_2008-12,gas,2008-12,5.815,EIA STEO
gas_2009-01,gas,2009-01,5.241,EIA STEO
gas_2009-02,gas,2009-02,4.515,EIA STEO
gas_2009-03,gas,2009-03,3.96,EIA STEO
gas_2009-04,gas,2009-04,3.495,EIA STEO
gas_2009-05,gas,2009-05,3.833,EIA STEO
gas_2009-06,gas,2009-06,3.8,EIA STEO
gas_2009-07,gas,2009-07,3.384,EIA STEO
gas_2009-08,gas,2009-08,3.141,EIA STEO
gas_2009-09,gas,2009-09,2.987,EIA STEO
gas_2009-10,gas,2009-10,4.008,EIA STEO
gas_2009-11,gas,2009-11,3.663,EIA STEO
gas_2009-12,gas,2009-12,5.348,EIA STEO
gas_2010-01,gas,2010-01,5.832,EIA STEO
gas_2010-02,gas,2010-02,5.32,EIA STEO
gas_2010-03,gas,2010-03,4.291,EIA STEO
gas_2010-04,gas,2010-04,4.034,EIA STEO
gas_2010-05,gas,2010-05,4.14,EIA STEO
gas_2010-06,gas,2010-06,4.801,EIA STEO
gas_2010-07,gas,2010-07,4.627,EIA STEO
gas_2010-08,gas,2010-08,4.315,EIA STEO
gas_2010-09,gas,2010-09,3.894,EIA STEO
gas_2010-10,gas,2010-10,3.434,EIA STEO
gas_2010-11,gas,2010-11,3.714,EIA STEO
gas_2010-12,gas,2010-12,4.249,EIA STEO
gas_2011-01,gas,2011-01,4.494,EIA STEO
gas_2011-02,gas,2011-02,4.093,EIA STEO
gas_2011-03,gas,2011-03,3.974,EIA STEO
gas_2011-04,gas,2011-04,4.235,EIA STEO
gas_2011-05,gas,2011-05,4.311,EIA STEO
gas_2011-06,gas,2011-06,4.537,EIA STEO
gas_2011-07,gas,2011-07,4.424,EIA STEO
gas_2011-08,gas,2011-08,4.055,EIA STEO
gas_2011-09,gas,2011-09,3.896,EIA STEO
gas_2011-10,gas,2011-10,3.566,EIA STEO
gas_2011-11,gas,2011-11,3.239,EIA STEO
gas_2011-12,gas,2011-12,3.17,EIA STEO
gas_2012-01,gas,2012-01,2.671,EIA STEO
gas_2012-02,gas,2012-02,2.505,EIA STEO
gas_2012-03,gas,2012-03,2.172,EIA STEO
gas_2012-04,gas,2012-04,1.945,EIA STEO
gas_2012-05,gas,2012-05,2.432,EIA STEO
gas_2012-06,gas,2012-06,2.455,EIA STEO
gas_2012-07,gas,2012-07,2.953,EIA STEO
gas_2012-08,gas,2012-08,2.838,EIA STEO
gas_2012-09,gas,2012-09,2.848,EIA STEO
gas_2012-10,gas,2012-10,3.317,EIA STEO
gas_2012-11,gas,2012-11,3.54,EIA STEO
gas_2012-12,gas,2012-12,3.342,EIA STEO
gas_2013-01,gas,2013-01,3.329,EIA STEO
gas_2013-02,gas,2013-02,3.33,EIA STEO
gas_2013-03,gas,2013-03,3.81,EIA STEO
gas_2013-04,gas,2013-04,4.166,EIA STEO
gas_2013-05,gas,2013-05,4.041,EIA STEO
gas_2013-06,gas,2013-06,3.826,EIA STEO
gas_2013-07,gas,2013-07,3.623,EIA STEO
gas_2013-08,gas,2013-08,3.425,EIA STEO
gas_2013-09,gas,2013-09,3.619,EIA STEO
gas_2013-10,gas,2013-10,3.677,EIA STEO
gas_2013-11,gas,2013-11,3.638,EIA STEO
gas_2013-12,gas,2013-12,4.24,EIA STEO
gas_2014-01,gas,2014-01,4.713,EIA STEO
gas_2014-02,gas,2014-02,5.999,EIA STEO
gas_2014-03,gas,2014-03,4.903,EIA STEO
gas_2014-04,gas,2014-04,4.658,EIA STEO
gas_2014-05,gas,2014-05,4.581,EIA STEO
gas_2014-06,gas,2014-06,4.588,EIA STEO
gas_2014-07,gas,2014-07,4.049,EIA STEO
gas_2014-08,gas,2014-08,3.912,EIA STEO
gas_2014-09,gas,2014-09,3.924,EIA STEO
gas_2014-10,gas,2014-10,3.781,EIA STEO
gas_2014-11,gas,2014-11,4.122,EIA STEO
gas_2014-12,gas,2014-12,3.482,EIA STEO
gas_2015-01,gas,2015-01,2.994,EIA STEO
gas_2015-02,gas,2015-02,2.873,EIA STEO
gas_2015-03,gas,2015-03,2.831,EIA STEO
gas_2015-04,gas,2015-04,2.61,EIA STEO
gas_2015-05,gas,2015-05,2.849,EIA STEO
gas_2015-06,gas,2015-06,2.784,EIA STEO
gas_2015-07,gas,2015-07,2.839,EIA STEO
gas_2015-08,gas,2015-08,2.774,EIA STEO
gas_2015-09,gas,2015-09,2.66,EIA STEO
gas_2015-10,gas,2015-10,2.341,EIA STEO
gas_2015-11,gas,2015-11,2.093,EIA STEO
gas_2015-12,gas,2015-12,1.93,EIA STEO
gas_2016-01,gas,2016-01,2.283,EIA STEO
gas_2016-02,gas,2016-02,1.989,EIA STEO
gas_2016-03,gas,2016-03,1.729,EIA STEO
gas_2016-04,gas,2016-04,1.917,EIA STEO
gas_2016-05,gas,2016-05,1.922,EIA STEO
gas_2016-06,gas,2016-06,2.587,EIA STEO
gas_2016-07,gas,2016-07,2.822,EIA STEO
gas_2016-08,gas,2016-08,2.822,EIA STEO
gas_2016-09,gas,2016-09,2.992,EIA STEO
gas_2016-10,gas,2016-10,2.977,EIA STEO
gas_2016-11,gas,2016-11,2.548,EIA STEO
gas_2016-12,gas,2016-12,3.591,EIA STEO
gas_2017-01,gas,2017-01,3.304,EIA STEO
gas_2017-02,gas,2017-02,2.852,EIA STEO
gas_2017-03,gas,2017-03,2.88,EIA STEO
gas_2017-04,gas,2017-04,3.103,EIA STEO
gas_2017-05,gas,2017-05,3.15,EIA STEO
gas_2017-06,gas,2017-06,2.975,EIA STEO
gas_2017-07,gas,2017-07,2.984,EIA STEO
gas_2017-08,gas,2017-08,2.9,EIA STEO
gas_2017-09,gas,2017-09,2.976,EIA STEO
gas_2017-10,gas,2017-10,2.879,EIA STEO
gas_2017-11,gas,2017-11,3.014,EIA STEO
gas_2017-12,gas,2017-12,2.821,EIA STEO
gas_2018-01,gas,2018-01,3.874,EIA STEO
gas_2018-02,gas,2018-02,2.67,EIA STEO
gas_2018-03,gas,2018-03,2.693,EIA STEO
gas_2018-04,gas,2018-04,2.796,EIA STEO
gas_2018-05,gas,2018-05,2.8,EIA STEO
gas_2018-06,gas,2018-06,2.967,EIA STEO
gas_2018-07,gas,2018-07,2.833,EIA STEO
gas_2018-08,gas,2018-08,2.961,EIA STEO
gas_2018-09,gas,2018-09,2.995,EIA STEO
gas_2018-10,gas,2018-10,3.276,EIA STEO
gas_2018-11,gas,2018-11,4.091,EIA STEO
gas_2018-12,gas,2018-12,4.041,EIA STEO
gas_2019-01,gas,2019-01,3.109,EIA STEO
gas_2019-02,gas,2019-02,2.691,EIA STEO
gas_2019-03,gas,2019-03,2.948,EIA STEO
gas_2019-04,gas,2019-04,2.647,EIA STEO
gas_2019-05,gas,2019-05,2.638,EIA STEO
gas_2019-06,gas,2019-06,2.399,EIA STEO
gas_2019-07,gas,2019-07,2.366,EIA STEO
gas_2019-08,gas,2019-08,2.221,EIA STEO
gas_2019-09,gas,2019-09,2.559,EIA STEO
gas_2019-10,gas,2019-10,2.331,EIA STEO
gas_2019-11,gas,2019-11,2.653,EIA STEO
gas_2019-12,gas,2019-12,2.219,EIA STEO
gas_2020-01,gas,2020-01,2.02,EIA STEO
gas_2020-02,gas,2020-02,1.91,EIA STEO
gas_2020-03,gas,2020-03,1.79,EIA STEO
gas_2020-04,gas,2020-04,1.74,EIA STEO
gas_2020-05,gas,2020-05,1.75,EIA STEO
gas_2020-06,gas,2020-06,1.63,EIA STEO
gas_2020-07,gas,2020-07,1.76,EIA STEO
gas_2020-08,gas,2020-08,2.3,EIA STEO
gas_2020-09,gas,2020-09,1.92,EIA STEO
gas_2020-10,gas,2020-10,2.39,EIA STEO
gas_2020-11,gas,2020-11,2.61,EIA STEO
gas_2020-12,gas,2020-12,2.58,EIA STEO
gas_2021-01,gas,2021-01,2.71,EIA STEO
gas_2021-02,gas,2021-02,5.35,EIA STEO
gas_2021-03,gas,2021-03,2.62,EIA STEO
gas_2021-04,gas,2021-04,2.66,EIA STEO
gas_2021-05,gas,2021-05,2.91,EIA STEO
gas_2021-06,gas,2021-06,3.26,EIA STEO
gas_2021-07,gas,2021-07,3.84,EIA STEO
gas_2021-08,gas,2021-08,4.07,EIA STEO
gas_2021-09,gas,2021-09,5.16,EIA STEO
gas_2021-10,gas,2021-10,5.51,EIA STEO
gas_2021-11,gas,2021-11,5.05,EIA STEO
gas_2021-12,gas,2021-12,3.76,EIA STEO
gas_2022-01,gas,2022-01,4.38,EIA STEO
gas_2022-02,gas,2022-02,4.69,EIA STEO
gas_2022-03,gas,2022-03,4.9,EIA STEO
gas_2022-04,gas,2022-04,6.6,EIA STEO
gas_2022-05,gas,2022-05,8.14,EIA STEO
gas_2022-06,gas,2022-06,7.7,EIA STEO
gas_2022-07,gas,2022-07,7.28,EIA STEO
gas_2022-08,gas,2022-08,8.81,EIA STEO
gas_2022-09,gas,2022-09,7.88,EIA STEO
gas_2022-10,gas,2022-10,5.66,EIA STEO
gas_2022-11,gas,2022-11,5.45,EIA STEO
gas_2022-12,gas,2022-12,5.53,EIA STEO
gas_2023-01,gas,2023-01,3.27,EIA STEO
gas_2023-02,gas,2023-02,2.38,EIA STEO
gas_2023-03,gas,2023-03,2.31,EIA STEO
gas_2023-04,gas,2023-04,2.16,EIA STEO
gas_2023-05,gas,2023-05,2.15,EIA STEO
gas_2023-06,gas,2023-06,2.18,EIA STEO
gas_2023-07,gas,2023-07,2.55,EIA STEO
gas_2023-08,gas,2023-08,2.58,EIA STEO
gas_2023-09,gas,2023-09,2.64,EIA STEO
gas_2023-10,gas,2023-10,2.98,EIA STEO
gas_2023-11,gas,2023-11,2.71,EIA STEO
gas_2023-12,gas,2023-12,2.52,EIA STEO
gas_2024-01,gas,2024-01,3.18,EIA STEO
gas_2024-02,gas,2024-02,1.72,EIA STEO
gas_2024-03,gas,2024-03,1.49,EIA STEO
gas_2024-04,gas,2024-04,1.6,EIA STEO
gas_2024-05,gas,2024-05,2.12,EIA STEO
gas_2024-06,gas,2024-06,2.54,EIA STEO
gas_2024-07,gas,2024-07,2.07,EIA STEO
gas_2024-08,gas,2024-08,1.99,EIA STEO
gas_2024-09,gas,2024-09,2.28,EIA STEO
gas_2024-10,gas,2024-10,2.2,EIA STEO
gas_2024-11,gas,2024-11,2.12,EIA STEO
gas_2024-12,gas,2024-12,3.01,EIA STEO
gas_2025-01,gas,2025-01,4.13,EIA STEO
gas_2025-02,gas,2025-02,4.19,EIA STEO
gas_2025-03,gas,2025-03,4.12,EIA STEO
gas_2025-04,gas,2025-04,3.42,EIA STEO
gas_2025-05,gas,2025-05,3.12,EIA STEO
gas_2025-06,gas,2025-06,3.02,EIA STEO
gas_2025-07,gas,2025-07,3.2,EIA STEO
gas_2025-08,gas,2025-08,2.91,EIA STEO
gas_2025-09,gas,2025-09,2.97,EIA STEO
gas_2025-10,gas,2025-10,3.19,EIA STEO
gas_2025-11,gas,2025-11,3.79,EIA STEO
gas_2025-12,gas,2025-12,4.26,EIA STEO
gas_2026-01,gas,2026-01,7.72,EIA STEO
gas_2026-02,gas,2026-02,3.62,EIA STEO
gas_2026-03,gas,2026-03,3.04,EIA STEO
gas_2026-04,gas,2026-04,2.77,EIA STEO
gas_2026-05,gas,2026-05,2.94,EIA STEO
gas_2026-06,gas,2026-06,3.15,EIA STEO
gas_2026-07,gas,2026-07,2.89,EIA STEO
gas_2026-08,gas,2026-08,2.78,EIA STEO
gas_2026-09,gas,2026-09,2.87013,EIA STEO
gas_2026-10,gas,2026-10,2.86449,EIA STEO
gas_2026-11,gas,2026-11,3.00829,EIA STEO
gas_2026-12,gas,2026-12,3.51213,EIA STEO
gas_2027-01,gas,2027-01,4.02782,EIA STEO
gas_2027-02,gas,2027-02,3.65687,EIA STEO
gas_2027-03,gas,2027-03,3.07331,EIA STEO
gas_2027-04,gas,2027-04,2.72783,EIA STEO
gas_2027-05,gas,2027-05,2.701835,EIA STEO
gas_2027-06,gas,2027-06,2.861878,EIA STEO
gas_2027-07,gas,2027-07,3.058485,EIA STEO
gas_2027-08,gas,2027-08,3.189537,EIA STEO
gas_2027-09,gas,2027-09,3.24014,EIA STEO
gas_2027-10,gas,2027-10,3.245239,EIA STEO
gas_2027-11,gas,2027-11,3.532038,EIA STEO
gas_2027-12,gas,2027-12,4.005638,EIA STEO
